{
  "classification": {
    "Rhythm": {
      "CEU v2": 1.0,
      "ESN": 1.0,
      "Hopf v1": 1.0,
      "CEU no-pulse": 1.0,
      "Linear": 1.0
    },
    "ComplexRhythm": {
      "CEU v2": 1.0,
      "ESN": 1.0,
      "Hopf v1": 1.0,
      "CEU no-pulse": 1.0,
      "Linear": 1.0
    },
    "TempXOR": {
      "CEU v2": 1.0,
      "ESN": 0.5,
      "Hopf v1": 0.45,
      "CEU no-pulse": 1.0,
      "Linear": 0.4666666666666667
    }
  },
  "narma": {
    "CEU v2": {
      "mse": 0.006841224165736858,
      "nmse": 0.7100862609919784
    },
    "CEU v2+poly": {
      "mse": 0.400892475907605,
      "nmse": 41.61071650052952
    },
    "ESN": {
      "mse": 0.0029486588337619244,
      "nmse": 0.3060566465126862
    },
    "Hopf v1": {
      "mse": 26.307882741389097,
      "nmse": 2730.6320678700185
    },
    "Linear": {
      "mse": 0.01003269540619852,
      "nmse": 1.0413456709018072
    }
  },
  "memory_capacity": {
    "CEU v2": {
      "1": 0.20536834170891302,
      "2": 0.14395556930586062,
      "3": 0.11341239472529246,
      "4": 0.09054131862060918,
      "5": 0.07782757498950145,
      "6": 0.0676513878110153,
      "7": 0.060124820011470625,
      "8": 0.054597645081850006,
      "9": 0.05112190148013069,
      "10": 0.04893094631727482,
      "11": 0.04658602075264329,
      "12": 0.04439862589123578,
      "13": 0.042682941410169456,
      "14": 0.044061153974473355,
      "15": 0.04482052151647785,
      "16": 0.042869955101083525,
      "17": 0.041106249243869825,
      "18": 0.04113639099008748,
      "19": 0.039569308661081985,
      "20": 0.039162208553597734,
      "21": 0.037411071156474816,
      "22": 0.03692414633351867,
      "23": 0.03540829733342688,
      "24": 0.03470297915838269,
      "25": 0.034677235750423786,
      "26": 0.035599918954748844,
      "27": 0.036466732053157286,
      "28": 0.035216443102286464,
      "29": 0.03514773951906794,
      "30": 0.03582046879929655,
      "total": 1.6973003083074223
    },
    "ESN": {
      "1": 0.9267570451979654,
      "2": 0.5884029149616229,
      "3": 0.4595459488692899,
      "4": 0.3775764729809168,
      "5": 0.3562897272198685,
      "6": 0.30168777492345494,
      "7": 0.2791607811317931,
      "8": 0.2689696614092911,
      "9": 0.24925724152681336,
      "10": 0.22629370597909707,
      "11": 0.21558496081058054,
      "12": 0.2124028853647551,
      "13": 0.20608612001853946,
      "14": 0.19141292383164998,
      "15": 0.18399935436128817,
      "16": 0.1773712583337193,
      "17": 0.17378362609753523,
      "18": 0.17030029627871723,
      "19": 0.16490760506613705,
      "20": 0.1614932388852695,
      "21": 0.15740476383801585,
      "22": 0.1500059461412942,
      "23": 0.14821019224871354,
      "24": 0.1435354583831323,
      "25": 0.14098832315945536,
      "26": 0.13979322958896354,
      "27": 0.131318353496697,
      "28": 0.12869358908643636,
      "29": 0.12557112246551017,
      "30": 0.12153933133909353,
      "total": 7.278343852995618
    }
  },
  "ablation": {
    "full": {
      "XOR": 0.5111111111111111,
      "NARMA": 1147.3230303637756
    },
    "no_pulse": {
      "XOR": 0.5555555555555556,
      "NARMA": 0.6263343452593746
    },
    "no_adapt": {
      "XOR": 0.6,
      "NARMA": 0.6294081785549013
    },
    "eta=0": {
      "XOR": 0.5555555555555556,
      "NARMA": 6774.349032233173
    },
    "homogeneous": {
      "XOR": 0.5777777777777777,
      "NARMA": 0.5902745362530033
    },
    "no_events": {
      "XOR": 0.8666666666666667,
      "NARMA": 4.991374366107865
    }
  },
  "hard_tasks": {
    "HardRhythm_2vs2.3Hz": {
      "CEU v2": 0.9833333333333333,
      "ESN": 0.43333333333333335,
      "Hopf v1": 1.0,
      "CEU no-pulse": 1.0,
      "Linear": 0.48333333333333334
    },
    "PhaseNoise_3class": {
      "CEU v2": 0.6888888888888889,
      "ESN": 0.6555555555555556,
      "Hopf v1": 0.43333333333333335,
      "CEU no-pulse": 0.5,
      "Linear": 0.5333333333333333
    }
  },
  "robustness": {
    "input_noise": {
      "HardRhythm_CEU": 1.0,
      "HardRhythm_ESN": 1.1818181818181819
    },
    "dropout": {
      "HardRhythm_CEU": 0.875,
      "HardRhythm_ESN": 1.090909090909091
    },
    "param_drift": {
      "HardRhythm_CEU": 1.0,
      "HardRhythm_ESN": 0.8888888888888888
    }
  }
}