{
  "classification": {
    "Rhythm": {
      "CORC": 1.0,
      "ESN": 1.0,
      "SimpleOsc": 1.0,
      "Harmonic": 1.0
    },
    "TempXOR": {
      "CORC": 0.5333333333333333,
      "ESN": 0.4666666666666667,
      "SimpleOsc": 0.5166666666666667,
      "Harmonic": 0.5833333333333334
    },
    "Switch": {
      "CORC": 1.0,
      "ESN": 1.0,
      "SimpleOsc": 1.0,
      "Harmonic": 1.0
    }
  },
  "ablation": {
    "full": {
      "TempXOR": 0.4666666666666667
    },
    "beta=0": {
      "TempXOR": 0.36666666666666664
    },
    "no_pulse": {
      "TempXOR": 0.4666666666666667
    },
    "eta=0": {
      "TempXOR": 0.43333333333333335
    },
    "homogeneous": {
      "TempXOR": 0.5833333333333334
    },
    "no_events": {
      "TempXOR": 0.4666666666666667
    }
  },
  "narma": {
    "CORC": {
      "mse": 3.0633687625807453,
      "nmse": 287.79316339635966
    },
    "ESN": {
      "mse": 0.006125733412085455,
      "nmse": 0.5754919937558058
    },
    "SimpleOsc": {
      "mse": 3.1337150804865597,
      "nmse": 294.401962706027
    }
  },
  "memory_capacity": {
    "1": 0.1468373512253871,
    "2": 0.1328089064438842,
    "3": 0.13407417469686475,
    "4": 0.1283041547732298,
    "5": 0.12122547314683847,
    "6": 0.119002847258963,
    "7": 0.1210760400613734,
    "8": 0.12024183004315912,
    "9": 0.11553556124734837,
    "10": 0.11936431165817757,
    "11": 0.1149443426544242,
    "12": 0.11412849042009658,
    "13": 0.11446389367202499,
    "14": 0.11364412678334758,
    "15": 0.11219553020471656,
    "16": 0.11271929661593129,
    "17": 0.11208893835051954,
    "18": 0.11147189148868697,
    "19": 0.10875107418739359,
    "20": 0.10817241777254125,
    "total": 2.381050652704908
  }
}